endob.com,crazymailing.com,2024-06-03
be4iw.anonbox.net,anonbox.net,2024-06-03
quicksend.ch,kuku.lu,2024-06-03
floodouts.com,fakemail.net,2024-06-03
landing,crazymailing.com,2024-06-03
neko2.net,kuku.lu,2024-06-03
crodity.com,temp-mail.org,2024-06-03
cazlq.com,10minutemail.com,2024-06-03
playxo.com,crazymailing.com,2024-06-03
cream.pink,kuku.lu,2024-06-03
ckptr.com,10minutemail.com,2024-06-03
instmail.uk,kuku.lu,2024-06-03
choco.la,kuku.lu,2024-06-03
cazlv.com,10minutemail.com,2024-06-03
1xp.fr,yopmail.com,2024-06-03
cpc.cx,yopmail.com,2024-06-03
0cd.cn,yopmail.com,2024-06-03
prc.cx,yopmail.com,2024-06-03
b7s.ru,yopmail.com,2024-06-03
ab34.fr,yopmail.com,2024-06-03
e3b.org,yopmail.com,2024-06-03
new.ovh,yopmail.com,2024-06-03
ves.ink,yopmail.com,2024-06-03
q0.us.to,yopmail.com,2024-06-03
zx81.ovh,yopmail.com,2024-06-03
wishy.fr,yopmail.com,2024-06-03
bmn.ch.ma,yopmail.com,2024-06-03
iya.fr.nf,yopmail.com,2024-06-03
sdj.fr.nf,yopmail.com,2024-06-03
afw.fr.nf,yopmail.com,2024-06-03
mail34.fr,yopmail.com,2024-06-03
mynes.com,yopmail.com,2024-06-03
dao.pp.ua,yopmail.com,2024-06-03
nori24.tv,yopmail.com,2024-06-03
lerch.ovh,yopmail.com,2024-06-03
breizh.im,yopmail.com,2024-06-03
six25.biz,yopmail.com,2024-06-03
art.fr.cr,yopmail.com,2024-06-03
red.fr.cr,yopmail.com,2024-06-03
ywzmb.top,yopmail.com,2024-06-03
nyndt.top,yopmail.com,2024-06-03
isep.fr.nf,yopmail.com,2024-06-03
noreply.fr,yopmail.com,2024-06-03
pliz.fr.nf,yopmail.com,2024-06-03
noyp.fr.nf,yopmail.com,2024-06-03
zouz.fr.nf,yopmail.com,2024-06-03
hunnur.com,yopmail.com,2024-06-03
wxcv.fr.nf,yopmail.com,2024-06-03
zorg.fr.nf,yopmail.com,2024-06-03
imap.fr.nf,yopmail.com,2024-06-03
redi.fr.nf,yopmail.com,2024-06-03
dlvr.us.to,yopmail.com,2024-06-03
y.iotf.net,yopmail.com,2024-06-03
zinc.fr.nf,yopmail.com,2024-06-03
ym.cypi.fr,yopmail.com,2024-06-03
yop.too.li,yopmail.com,2024-06-03
dmts.fr.nf,yopmail.com,2024-06-03
binich.com,yopmail.com,2024-06-03
wzofit.com,yopmail.com,2024-06-03
jmail.fr.nf,yopmail.com,2024-06-03
zimel.fr.cr,yopmail.com,2024-06-03
yaloo.fr.nf,yopmail.com,2024-06-03
jinva.fr.nf,yopmail.com,2024-06-03
ag.prout.be,yopmail.com,2024-06-03
ba.prout.be,yopmail.com,2024-06-03
es.prout.be,yopmail.com,2024-06-03
us.prout.be,yopmail.com,2024-06-03
ealea.fr.nf,yopmail.com,2024-06-03
nomes.fr.nf,yopmail.com,2024-06-03
yop.kd2.org,yopmail.com,2024-06-03
alves.fr.nf,yopmail.com,2024-06-03
bibi.biz.st,yopmail.com,2024-06-03
ymail.rr.nu,yopmail.com,2024-06-03
bboys.fr.nf,yopmail.com,2024-06-03
ma.ezua.com,yopmail.com,2024-06-03
ma.zyns.com,yopmail.com,2024-06-03
mai.25u.com,yopmail.com,2024-06-03
nomes.fr.cr,yopmail.com,2024-06-03
autre.fr.nf,yopmail.com,2024-06-03
lsyx0.rr.nu,yopmail.com,2024-06-03
tweet.fr.nf,yopmail.com,2024-06-03
pamil.1s.fr,yopmail.com,2024-06-03
pamil.fr.nf,yopmail.com,2024-06-03
ymail.1s.fr,yopmail.com,2024-06-03
15963.fr.nf,yopmail.com,2024-06-03
popol.fr.nf,yopmail.com,2024-06-03
pmail.1s.fr,yopmail.com,2024-06-03
flobo.fr.nf,yopmail.com,2024-06-03
toolbox.ovh,yopmail.com,2024-06-03
bin-ich.com,yopmail.com,2024-06-03
sindwir.com,yopmail.com,2024-06-03
mabal.fr.nf,yopmail.com,2024-06-03
degap.fr.nf,yopmail.com,2024-06-03
yop.uuii.in,yopmail.com,2024-06-03
jetable.org,yopmail.com,2024-06-03
a.kwtest.io,yopmail.com,2024-06-03
pasdus.fr.cr,yopmail.com,2024-06-03
gland.xxl.st,yopmail.com,2024-06-03
nospam.fr.nf,yopmail.com,2024-06-03
azeqsd.fr.nf,yopmail.com,2024-06-03
le.monchu.fr,yopmail.com,2024-06-03
nikora.fr.nf,yopmail.com,2024-06-03
sendos.fr.nf,yopmail.com,2024-06-03
mai.dhcp.biz,yopmail.com,2024-06-03
cubox.biz.st,yopmail.com,2024-06-03
fhpfhp.fr.nf,yopmail.com,2024-06-03
c-eric.fr.nf,yopmail.com,2024-06-03
c-eric.fr.cr,yopmail.com,2024-06-03
bahoo.biz.st,yopmail.com,2024-06-03
upc.infos.st,yopmail.com,2024-06-03
gggggg.fr.cr,yopmail.com,2024-06-03
spam.aleh.de,yopmail.com,2024-06-03
alphax.fr.nf,yopmail.com,2024-06-03
habenwir.com,yopmail.com,2024-06-03
ist-hier.com,yopmail.com,2024-06-03
sind-wir.com,yopmail.com,2024-06-03
sindhier.com,yopmail.com,2024-06-03
wir-sind.com,yopmail.com,2024-06-03
myself.fr.nf,yopmail.com,2024-06-03
yop.mabox.eu,yopmail.com,2024-06-03
vip.ep77.com,yopmail.com,2024-06-03
email.jjj.ee,yopmail.com,2024-06-03
druzik.pp.ua,yopmail.com,2024-06-03
yahooz.xxl.st,yopmail.com,2024-06-03
tiscali.fr.cr,yopmail.com,2024-06-03
altrans.fr.nf,yopmail.com,2024-06-03
yoptruc.fr.nf,yopmail.com,2024-06-03
kyuusei.fr.nf,yopmail.com,2024-06-03
ac-cool.c4.fr,yopmail.com,2024-06-03
certexx.fr.nf,yopmail.com,2024-06-03
dede.infos.st,yopmail.com,2024-06-03
sake.prout.be,yopmail.com,2024-06-03
eureka.0rg.fr,yopmail.com,2024-06-03
yotmail.fr.nf,yopmail.com,2024-06-03
miloras.fr.nf,yopmail.com,2024-06-03
nikora.biz.st,yopmail.com,2024-06-03
cabiste.fr.nf,yopmail.com,2024-06-03
galaxim.fr.nf,yopmail.com,2024-06-03
fuppurge.info,yopmail.com,2024-06-03
doviaso.fr.cr,yopmail.com,2024-06-03
pitiful.pp.ua,yopmail.com,2024-06-03
ggmail.biz.st,yopmail.com,2024-06-03
dis.hopto.org,yopmail.com,2024-06-03
yop.kyriog.fr,yopmail.com,2024-06-03
1.8259law.com,yopmail.com,2024-06-03
icidroit.info,yopmail.com,2024-06-03
yop.mc-fly.be,yopmail.com,2024-06-03
spam.9001.ovh,yopmail.com,2024-06-03
tmp.x-lab.net,yopmail.com,2024-06-03
mail.hsmw.net,yopmail.com,2024-06-03
y.dldweb.info,yopmail.com,2024-06-03
haben-wir.com,yopmail.com,2024-06-03
sind-hier.com,yopmail.com,2024-06-03
adresse.fr.cr,yopmail.com,2024-06-03
temp.ig96.net,yopmail.com,2024-06-03
assurmail.net,yopmail.com,2024-06-03
yop.smeux.com,yopmail.com,2024-06-03
korekgas.info,yopmail.com,2024-06-03
alyxgod.rf.gd,yopmail.com,2024-06-03
mailadresi.tk,yopmail.com,2024-06-03
vip.222.ac.cn,yopmail.com,2024-06-03
aze.kwtest.io,yopmail.com,2024-06-03
mailbox.biz.st,yopmail.com,2024-06-03
elmail.4pu.com,yopmail.com,2024-06-03
carioca.biz.st,yopmail.com,2024-06-03
mickaben.fr.nf,yopmail.com,2024-06-03
mickaben.fr.cr,yopmail.com,2024-06-03
ac-malin.fr.nf,yopmail.com,2024-06-03
gimuemoa.fr.nf,yopmail.com,2024-06-03
woofidog.fr.nf,yopmail.com,2024-06-03
rygel.infos.st,yopmail.com,2024-06-03
cheznico.fr.cr,yopmail.com,2024-06-03
contact.biz.st,yopmail.com,2024-06-03
rapidefr.fr.nf,yopmail.com,2024-06-03
calendro.fr.nf,yopmail.com,2024-06-03
calima.asso.st,yopmail.com,2024-06-03
cobal.infos.st,yopmail.com,2024-06-03
terre.infos.st,yopmail.com,2024-06-03
imails.asso.st,yopmail.com,2024-06-03
warlus.asso.st,yopmail.com,2024-06-03
carnesa.biz.st,yopmail.com,2024-06-03
jackymel.xl.cx,yopmail.com,2024-06-03
mail.tbr.fr.nf,yopmail.com,2024-06-03
webstore.fr.nf,yopmail.com,2024-06-03
freemail.fr.cr,yopmail.com,2024-06-03
mr-email.fr.nf,yopmail.com,2024-06-03
abo-free.fr.nf,yopmail.com,2024-06-03
courrier.fr.cr,yopmail.com,2024-06-03
ymail.ploki.fr,yopmail.com,2024-06-03
mailsafe.fr.nf,yopmail.com,2024-06-03
mail.jab.fr.cr,yopmail.com,2024-06-03
testkkk.zik.dj,yopmail.com,2024-06-03
sirttest.us.to,yopmail.com,2024-06-03
yop.moolee.net,yopmail.com,2024-06-03
antispam.fr.nf,yopmail.com,2024-06-03
machen-wir.com,yopmail.com,2024-06-03
adresse.biz.st,yopmail.com,2024-06-03
poubelle.fr.nf,yopmail.com,2024-06-03
lacraffe.fr.nf,yopmail.com,2024-06-03
gladogmi.fr.nf,yopmail.com,2024-06-03
yopmail.ozm.fr,yopmail.com,2024-06-03
mail.yabes.ovh,yopmail.com,2024-06-03
totococo.fr.nf,yopmail.com,2024-06-03
miistermail.fr,yopmail.com,2024-06-03
yopmail.kro.kr,yopmail.com,2024-06-03
freemail.biz.st,yopmail.com,2024-06-03
skynet.infos.st,yopmail.com,2024-06-03
readmail.biz.st,yopmail.com,2024-06-03
frostmail.fr.nf,yopmail.com,2024-06-03
frostmail.fr.cr,yopmail.com,2024-06-03
pitimail.xxl.st,yopmail.com,2024-06-03
mickaben.biz.st,yopmail.com,2024-06-03
mickaben.xxl.st,yopmail.com,2024-06-03
internaut.us.to,yopmail.com,2024-06-03
askold.prout.be,yopmail.com,2024-06-03
poubelle-du.net,yopmail.com,2024-06-03
mondial.asso.st,yopmail.com,2024-06-03
randol.infos.st,yopmail.com,2024-06-03
himail.infos.st,yopmail.com,2024-06-03
sendos.infos.st,yopmail.com,2024-06-03
nidokela.biz.st,yopmail.com,2024-06-03
likeageek.fr.nf,yopmail.com,2024-06-03
mcdomaine.fr.nf,yopmail.com,2024-06-03
emaildark.fr.nf,yopmail.com,2024-06-03
mymail.ns01.biz,yopmail.com,2024-06-03
cookie007.fr.nf,yopmail.com,2024-06-03
tagara.infos.st,yopmail.com,2024-06-03
pokemons1.fr.nf,yopmail.com,2024-06-03
trash.lapier.re,yopmail.com,2024-06-03
spam.quillet.eu,yopmail.com,2024-06-03
desfrenes.fr.nf,yopmail.com,2024-06-03
mymail.infos.st,yopmail.com,2024-06-03
mail.i-dork.com,yopmail.com,2024-06-03
mail.berwie.com,yopmail.com,2024-06-03
mesemails.fr.nf,yopmail.com,2024-06-03
dripzgaming.com,yopmail.com,2024-06-03
mymaildo.kro.kr,yopmail.com,2024-06-03
dann.mywire.org,yopmail.com,2024-06-03
mymailbox.xxl.st,yopmail.com,2024-06-03
mail.xstyled.net,yopmail.com,2024-06-03
dreamgreen.fr.nf,yopmail.com,2024-06-03
contact.infos.st,yopmail.com,2024-06-03
mess-mails.fr.nf,yopmail.com,2024-06-03
omicron.token.ro,yopmail.com,2024-06-03
torrent411.fr.nf,yopmail.com,2024-06-03
yop.tv-sante.com,yopmail.com,2024-06-03
test.inclick.net,yopmail.com,2024-06-03
ssi-bsn.infos.st,yopmail.com,2024-06-03
webclub.infos.st,yopmail.com,2024-06-03
addedbyjc.0rg.fr,yopmail.com,2024-06-03
vigilantkeep.net,yopmail.com,2024-06-03
actarus.infos.st,yopmail.com,2024-06-03
whatagarbage.com,yopmail.com,2024-06-03
yopmail.ploki.fr,yopmail.com,2024-06-03
test-infos.fr.nf,yopmail.com,2024-06-03
mail-mario.fr.nf,yopmail.com,2024-06-03
www3.freetcp.com,yopmail.com,2024-06-03
dispo.sebbcn.net,yopmail.com,2024-06-03
ym.digi-value.fr,yopmail.com,2024-06-03
adresse.infos.st,yopmail.com,2024-06-03
ypmail.sehier.fr,yopmail.com,2024-06-03
pixelgagnant.net,yopmail.com,2024-06-03
saruawaeah.co.uk,yopmail.com,2024-06-03
m.tartinemoi.com,yopmail.com,2024-06-03
suck.my-vigor.de,yopmail.com,2024-06-03
ggamess.42web.io,yopmail.com,2024-06-03
cool.fr.nf,yopmail.com,2024-06-03
courriel.fr.nf,yopmail.com,2024-06-03
jetable.fr.nf,yopmail.com,2024-06-03
mega.zik.dj,yopmail.com,2024-06-03
moncourrier.fr.nf,yopmail.com,2024-06-03
monemail.fr.nf,yopmail.com,2024-06-03
monmail.fr.nf,yopmail.com,2024-06-03
nomail.xl.cx,yopmail.com,2024-06-03
nospam.ze.tc,yopmail.com,2024-06-03
speed.1s.fr,yopmail.com,2024-06-03
yopmail.com,yopmail.com,2024-06-03
yopmail.fr,yopmail.com,2024-06-03
yopmail.net,yopmail.com,2024-06-03
inboxkitten.com,inboxkitten.com,2024-06-03
mailcatch.com,mailcatch.com,2024-06-03
moongit.com,minuteinbox.com,2024-06-03
uszone.net,fakeemail.co,2024-06-03
harakirimail.com,harakirimail.com,2024-06-03
yevme.com,uroid.com,2024-06-03
eyepaste.com,eyepaste.com,2024-06-03
einweg-email.com,einweg-email.com,2024-06-03
mail1a.de,mail1a.de,2024-06-03
sute.jp,sute.jp,2024-06-03
doolk.com,10minutemail.info,2024-06-03
TIJDELIJKE-EMAIL.NL,tijdelijke-email.nl,2024-06-03
trashspam.com,trashspam.com,2024-06-03
tempemails.net,tempemails.net,2024-06-03
clipmails.com,clipmails.com,2024-06-03
GETINBOXES.COM,getinboxes.com,2024-06-03
juaxe.com,tempmail.ninja,2024-06-03
MAILHAZARD.COM,mailhazard.com,2024-06-03
orange.fr,mail-temporaire.fr,2024-06-03
tempsky.com,empsky.com,2024-06-03
givememail.club,tempmail.io,2024-06-03
gufum.com,tempail.com,2024-06-03
ataus.net,fakeemail.co,2024-06-03
ilebi.com,10minutemail.net,2024-06-03
sharklasers.com,guerrillamail.com,2024-06-03
guerrillamail.info,guerrillamail.com,2024-06-03
grr.la,guerrillamail.com,2024-06-03
guerrillamail.biz,guerrillamail.com,2024-06-03
guerrillamail.com,guerrillamail.com,2024-06-03
guerrillamail.de,guerrillamail.com,2024-06-03
guerrillamail.net,guerrillamail.com,2024-06-03
guerrillamail.org,guerrillamail.com,2024-06-03
guerrillamailblock.com,guerrillamail.com,2024-06-03
pokemail.net,guerrillamail.com,2024-06-03
spam4.me,guerrillamail.com,2024-06-03
tempr.email,tempr.email,2024-06-03
discard.email,tempr.email,2024-06-03
discardmail.com,tempr.email,2024-06-03
discardmail.de (PW),tempr.email,2024-06-03
spambog.com,tempr.email,2024-06-03
spambog.de (PW),tempr.email,2024-06-03
spambog.ru,tempr.email,2024-06-03
0815.ru,tempr.email,2024-06-03
freundin.ru,tempr.email,2024-06-03
smashmail.de (PW),tempr.email,2024-06-03
s0ny.net (PW),tempr.email,2024-06-03
1mail.x24hr.com,tempr.email,2024-06-03
from.onmypc.info (PW),tempr.email,2024-06-03
now.mefound.com,tempr.email,2024-06-03
mowgli.jungleheart.com (PW),tempr.email,2024-06-03
CR.cloudns.asia (PW),tempr.email,2024-06-03
TLS.cloudns.asia (PW),tempr.email,2024-06-03
MSFT.cloudns.asia (PW),tempr.email,2024-06-03
B.cr.cloUdnS.asia,tempr.email,2024-06-03
ssl.tls.cloudns.ASIA,tempr.email,2024-06-03
sweetxxx.de (PW),tempr.email,2024-06-03
DVD.dns-cloud.net,tempr.email,2024-06-03
DVD.dnsabr.com (PW),tempr.email,2024-06-03
BD.dns-cloud.net,tempr.email,2024-06-03
YX.dns-cloud.net (PW),tempr.email,2024-06-03
SHIT.dns-cloud.net (PW),tempr.email,2024-06-03
SHIT.dnsabr.com (PW),tempr.email,2024-06-03
eu.dns-cloud.net (PW),tempr.email,2024-06-03
eu.dnsabr.com (PW),tempr.email,2024-06-03
asia.dnsabr.com,tempr.email,2024-06-03
8.dnsabr.com,tempr.email,2024-06-03
pw.8.dnsabr.com (PW),tempr.email,2024-06-03
mm.8.dnsabr.com (PW),tempr.email,2024-06-03
23.8.dnsabr.com,tempr.email,2024-06-03
pw.epac.to,tempr.email,2024-06-03
sexy.camdvr.org (PW),tempr.email,2024-06-03
888.dnS-clouD.NET (PW),tempr.email,2024-06-03
adult-work.info,tempr.email,2024-06-03
trap-mail.de (PW),tempr.email,2024-06-03
m.cloudns.cl (PW),tempr.email,2024-06-03
t.woeishyang.com,tempr.email,2024-06-03
pflege-schoene-haut.de (PW),tempr.email,2024-06-03
okmail.p-e.kr (PW),tempr.email,2024-06-03
hotbird.giize.com,tempr.email,2024-06-03
AS10.dDNSfree.Com (PW),tempr.email,2024-06-03
mehr-bitcoin.de (PW),tempr.email,2024-06-03
a1b2.cloudns.ph (PW),tempr.email,2024-06-03
web.run.place,tempr.email,2024-06-03
tempr-mail.line.pm,tempr.email,2024-06-03
spam.ceo (PW),tempr.email,2024-06-03
tester2341.great-site.net (PW),tempr.email,2024-06-03
seagull-soft.site.org.in (PW),tempr.email,2024-06-03
koes.justdied.com,tempr.email,2024-06-03
gruene-nein-danke.xyz (PW),tempr.email,2024-06-03
ich-esse-fleisch.bio (PW),tempr.email,2024-06-03
no-trash.ru (PW),tempr.email,2024-06-03
tempmail.giize.com (PW),tempr.email,2024-06-03
virtualphone.zapto.org,tempr.email,2024-06-03
postheo.de (PW),tempr.email,2024-06-03
bobgf.ru (PW),tempr.email,2024-06-03
mailboxy.ru (PW),tempr.email,2024-06-03
epbox.store (PW),tempr.email,2024-06-03
mailboxy.store (PW),tempr.email,2024-06-03
mailboxly.ru (PW),tempr.email,2024-06-03
mailboxly.store (PW),tempr.email,2024-06-03
mailboxify.ru (PW),tempr.email,2024-06-03
mailboxify.store (PW),tempr.email,2024-06-03
epbox.ru (PW),tempr.email,2024-06-03
epostal.ru (PW),tempr.email,2024-06-03
epostal.store (PW),tempr.email,2024-06-03
postbx.ru (PW),tempr.email,2024-06-03
postbx.store (PW),tempr.email,2024-06-03
your5.ru (PW),tempr.email,2024-06-03
your5.store (PW),tempr.email,2024-06-03
boxem.ru (PW),tempr.email,2024-06-03
boxem.store (PW),tempr.email,2024-06-03
boxlet.ru (PW),tempr.email,2024-06-03
boxlet.store (PW),tempr.email,2024-06-03
inboxnow.ru (PW),tempr.email,2024-06-03
inboxnow.store (PW),tempr.email,2024-06-03
fasssd.ru (PW),tempr.email,2024-06-03
fasssd.store (PW),tempr.email,2024-06-03
box-mail.ru (PW),tempr.email,2024-06-03
box-mail.store (PW),tempr.email,2024-06-03
bobgf.store (PW),tempr.email,2024-06-03
yxdad.ru (PW),tempr.email,2024-06-03
yxdad.store (PW),tempr.email,2024-06-03
zcovz.ru (PW),tempr.email,2024-06-03
zcovz.store (PW),tempr.email,2024-06-03
aaqwe.ru (PW),tempr.email,2024-06-03
aaqwe.store (PW),tempr.email,2024-06-03
hxopi.ru (PW),tempr.email,2024-06-03
hxopi.store (PW),tempr.email,2024-06-03
vjoid.ru (PW),tempr.email,2024-06-03
vjoid.store (PW),tempr.email,2024-06-03
xylar.ru (PW),tempr.email,2024-06-03
xylar.store (PW),tempr.email,2024-06-03
laxex.ru (PW),tempr.email,2024-06-03
laxex.store (PW),tempr.email,2024-06-03
ryyr.ru (PW),tempr.email,2024-06-03
ryyr.store (PW),tempr.email,2024-06-03
vkcbt.ru (PW),tempr.email,2024-06-03
vkcbt.store (PW),tempr.email,2024-06-03
vkbt.ru (PW),tempr.email,2024-06-03
vkbt.store (PW),tempr.email,2024-06-03
ggvk.ru (PW),tempr.email,2024-06-03
ggvk.store (PW),tempr.email,2024-06-03
wwvk.ru (PW),tempr.email,2024-06-03
wwvk.store (PW),tempr.email,2024-06-03
oovk.ru (PW),tempr.email,2024-06-03
oovk.store (PW),tempr.email,2024-06-03
vkbb.ru (PW),tempr.email,2024-06-03
vkbb.store (PW),tempr.email,2024-06-03
vkrr.ru (PW),tempr.email,2024-06-03
vkrr.store (PW),tempr.email,2024-06-03
vkfu.ru (PW),tempr.email,2024-06-03
vkfu.store (PW),tempr.email,2024-06-03
fuvk.ru (PW),tempr.email,2024-06-03
fuvk.store (PW),tempr.email,2024-06-03
xxvk.ru (PW),tempr.email,2024-06-03
xxvk.store (PW),tempr.email,2024-06-03
cbty.ru (PW),tempr.email,2024-06-03
cbty.store (PW),tempr.email,2024-06-03
xepa.ru (PW),tempr.email,2024-06-03
vkpr.store (PW),tempr.email,2024-06-03
oloh.ru (PW),tempr.email,2024-06-03
oloh.store (PW),tempr.email,2024-06-03
naah.ru (PW),tempr.email,2024-06-03
naah.store (PW),tempr.email,2024-06-03
fncp.ru (PW),tempr.email,2024-06-03
fncp.store (PW),tempr.email,2024-06-03
pizu.ru (PW),tempr.email,2024-06-03
pizu.store (PW),tempr.email,2024-06-03
nocp.ru (PW),tempr.email,2024-06-03
nocp.store (PW),tempr.email,2024-06-03
yecp.ru (PW),tempr.email,2024-06-03
yecp.store (PW),tempr.email,2024-06-03
wecp.ru (PW),tempr.email,2024-06-03
wecp.store (PW),tempr.email,2024-06-03
ramin200.site,tempr.email,2024-06-03
bybit.gotdns.ch,tempr.email,2024-06-03
polizei.nrw.de,tempr.email,2024-06-03
verizonconnect.com,tempr.email,2024-06-03
gmail.com,tempr.email,2024-06-03
whitehouse.gov,tempr.email,2024-06-03
t-online.de,tempr.email,2024-06-03
triots.com,tempr.email,2024-06-03
mystvpn.com,tempr.email,2024-06-03
yotomail.com,emailfake.com,2024-06-03
suksesboss.com,emailfake.com,2024-06-03
xapimail.top,emailfake.com,2024-06-03
gofirstcpa.com,emailfake.com,2024-06-03
mitrabisa.com,emailfake.com,2024-06-03
breezetoc.com,emailfake.com,2024-06-03
bloomarena.com,emailfake.com,2024-06-03
joshtucker.net,emailfake.com,2024-06-03
btcmod.com,emailfake.com,2024-06-03
boranora.com,emailfake.com,2024-06-03
gmailod.com,emailfake.com,2024-06-03
doneemail.com,emailfake.com,2024-06-03
fbclone.com,emailfake.com,2024-06-03
kenvanharen.com,emailfake.com,2024-06-03
sievid.com,emailfake.com,2024-06-03
fanfic-world.com,generator.email,2024-06-03
gasss.net,generator.email,2024-06-03
pickuplanet.com,generator.email,2024-06-03
quatetaline.com,generator.email,2024-06-03
pinopatent.com,generator.email,2024-06-03
konterkulo.com,generator.email,2024-06-03
lolosmasukptn.com,generator.email,2024-06-03
htmail.store,generator.email,2024-06-03
greensoccer.es,generator.email,2024-06-03
ebarg.net,generator.email,2024-06-03
bok.wiki,generator.email,2024-06-03
mlgmail.top,generator.email,2024-06-03
theking.id,generator.email,2024-06-03
besttempmail.com,fakemailgenerator.net,2024-06-03
gongjua.com,fakemailgenerator.net,2024-06-03
celebrityfull.com,fakemailgenerator.net,2024-06-03
comparisions.net,fakemailgenerator.net,2024-06-03
mediaholy.com,fakemailgenerator.net,2024-06-03
maillazy.com,fakemailgenerator.net,2024-06-03
justdefinition.com,fakemailgenerator.net,2024-06-03
inctart.com,fakemailgenerator.net,2024-06-03
deepyinc.com,fakemailgenerator.net,2024-06-03
armyspy.com,fakemailgenerator.com,2024-06-03
cuvox.de,fakemailgenerator.com,2024-06-03
dayrep.com,fakemailgenerator.com,2024-06-03
einrot.com,fakemailgenerator.com,2024-06-03
fleckens.hu,fakemailgenerator.com,2024-06-03
gustr.com,fakemailgenerator.com,2024-06-03
jourrapide.com,fakemailgenerator.com,2024-06-03
rhyta.com,fakemailgenerator.com,2024-06-03
superrito.com,fakemailgenerator.com,2024-06-03
teleworm.us,fakemailgenerator.com,2024-06-03
fivemails.com,faketempmail.com,2024-06-03
bohotmail.com,faketempmail.com,2024-06-03
izgmail.com,faketempmail.com,2024-06-03
doutlook.com,faketempmail.com,2024-06-03
noexpire.top,instant-email.org,2024-06-03
flybymail.info,instant-email.org,2024-06-03
instantdispatch.life,instant-email.org,2024-06-03
instantpost.xyz,instant-email.org,2024-06-03
maildevteam.top,instant-email.org,2024-06-03
snapinbox.top,instant-email.org,2024-06-03
warpmail.top,instant-email.org,2024-06-03
mailgen.club,mailgen.biz,2024-06-03
mailgen.pro,mailgen.biz,2024-06-03
mailgen.info,mailgen.biz,2024-06-03
mailgen.xyz,mailgen.biz,2024-06-03
mailgen.pw,mailgen.biz,2024-06-03
mailgen.fun,mailgen.biz,2024-06-03
mailgen.biz,mailgen.biz,2024-06-03
my10minutemail.com,trashmail.com,2024-06-03
trashmail.fr,trashmail.com,2024-06-03
trashmail.se,trashmail.com,2024-06-03
lortemail.dk,lortemail.dk,2024-06-03
lokum.nu,lortemail.dk,2024-06-03
d3p.dk,lortemail.dk,2024-06-03
lukop.dk,lortemail.dk,2024-06-03
1secmail.com,1secmail.com,2024-06-03
1secmail.org,1secmail.com,2024-06-03
1secmail.net,1secmail.com,2024-06-03
vjuum.com,1secmail.com,2024-06-03
laafd.com,1secmail.com,2024-06-03
txcct.com,1secmail.com,2024-06-03
rteet.com,1secmail.com,2024-06-03
dpptd.com,1secmail.com,2024-06-03
googlemail.com,mail-temp.com,2024-06-03
teml.net,moakt.com,2024-06-03
tmpeml.com,moakt.com,2024-06-03
tmpbox.net,moakt.com,2024-06-03
moakt.cc,moakt.com,2024-06-03
disbox.net,moakt.com,2024-06-03
tmpmail.org,moakt.com,2024-06-03
tmpmail.net,moakt.com,2024-06-03
tmails.net,moakt.com,2024-06-03
disbox.org,moakt.com,2024-06-03
moakt.co,moakt.com,2024-06-03
moakt.ws,moakt.com,2024-06-03
tmail.ws,moakt.com,2024-06-03
bareed.ws,moakt.com,2024-06-03
beasleyclu.com,emailfake.com,2024-06-03
vidarica.me,emailfake.com,2024-06-03
putameda.com,emailfake.com,2024-06-03
gomigoofficial.com,emailfake.com,2024-06-03
boxphonefarm.net,emailfake.com,2024-06-03
yufmail.com,emailfake.com,2024-06-03
profilelocked.com,emailfake.com,2024-06-03
modz.live,emailfake.com,2024-06-03
cloneads.top,emailfake.com,2024-06-03
embeans.com,emailfake.com,2024-06-03
otpku.com,emailfake.com,2024-06-03
asistx.net,emailfake.com,2024-06-03
netveplay.com,generator.email,2024-06-03
villastream.xyz,generator.email,2024-06-03
fuadd.me,generator.email,2024-06-03
iivega.com,generator.email,2024-06-03
h0tmal.com,generator.email,2024-06-03
mailngon.top,generator.email,2024-06-03
lqmb-giftcode.com,generator.email,2024-06-03
googl.win,generator.email,2024-06-03
cabinetdelavoie.com,generator.email,2024-06-03
24hinbox.com,generator.email,2024-06-03
haanhwedding.vn,generator.email,2024-06-03
microeconomicstextbook.com,generator.email,2024-06-03
codemail1.com,generator.email,2024-06-03
eyandex.ru,faketempmail.com,2024-06-03
i-love-you-3000.net,emailfake.com,2024-06-03
ingum.xyz,emailfake.com,2024-06-03
onlen.in,emailfake.com,2024-06-03
scatterteam.com,emailfake.com,2024-06-03
jcrodeophotos.com,emailfake.com,2024-06-03
dmxs8.com,emailfake.com,2024-06-03
selfhealingwithnutrition.com,emailfake.com,2024-06-03
benifitsaversusa.com,emailfake.com,2024-06-03
quinz.click,emailfake.com,2024-06-03
filmeditinpro.com,generator.email,2024-06-03
upscalebp.com,generator.email,2024-06-03
minecraft-dungeons.ru,generator.email,2024-06-03
fasnbuying.com,generator.email,2024-06-03
garnettmailer.com,generator.email,2024-06-03
cloudsoftwarekorea.com,generator.email,2024-06-03
sangvt.com,generator.email,2024-06-03
mailutill.com,generator.email,2024-06-03
filevino.com,generator.email,2024-06-03
10minmail.de,muellmail.com,2024-06-03
10minutenmail.xyz,muellmail.com,2024-06-03
existiert.net,muellmail.com,2024-06-03
fliegender.fish,muellmail.com,2024-06-03
jaga.email,muellmail.com,2024-06-03
mdz.email,muellmail.com,2024-06-03
muellmail.com,muellmail.com,2024-06-03
muellemail.com,muellmail.com,2024-06-03
muell.monster,muellmail.com,2024-06-03
muell.icu,muellmail.com,2024-06-03
muell.io,muellmail.com,2024-06-03
muell.xyz,muellmail.com,2024-06-03
magspam.net,muellmail.com,2024-06-03
fukaru.com,muellmail.com,2024-06-03
oida.icu,muellmail.com,2024-06-03
papierkorb.me,muellmail.com,2024-06-03
spam.care,muellmail.com,2024-06-03
tonne.to,muellmail.com,2024-06-03
ultra.fyi,muellmail.com,2024-06-03
wegwerfemail.de,muellmail.com,2024-06-03
dsgvo.party,muellmail.com,2024-06-03
knickerbockerban.de,muellmail.com,2024-06-03
lambsauce.de,muellmail.com,2024-06-03
ramenmail.de,muellmail.com,2024-06-03
ji5.de,muellmail.com,2024-06-03
ji6.de,muellmail.com,2024-06-03
ji7.de,muellmail.com,2024-06-03
sudern.de,muellmail.com,2024-06-03
dropmail.me,dropmail.me,2024-06-03
10mail.org,dropmail.me,2024-06-03
yomail.info,dropmail.me,2024-06-03
emltmp.com,dropmail.me,2024-06-03
emlpro.com,dropmail.me,2024-06-03
emlhub.com,dropmail.me,2024-06-03
laste.ml,dropmail.me,2024-06-03
freeml.net,dropmail.me,2024-06-03
minimail.gq,dropmail.me,2024-06-03
flymail.tk,dropmail.me,2024-06-03
spymail.one,dropmail.me,2024-06-03
10mail.xyz,dropmail.me,2024-06-03
cerssl.com,mail-temp.com,2024-06-03
youngandrichards.com,mail-temp.com,2024-06-03
sparklingnewsflow.com,mail-temp.com,2024-06-03
ejasmo.com,mail-temp.com,2024-06-03
aircoldhvac.com,mail-temp.com,2024-06-03
kavaint.net,mail-temp.com,2024-06-03
atlantackd.com,mail-temp.com,2024-06-03
yt-google.com,mail-temp.com,2024-06-03
tempemail.co,tempemail.co,2024-06-03
fmail10.de,tempemail.co,2024-06-03
rackabzar.com,mail-fake.com,2024-06-03
liberarte.es,mail-fake.com,2024-06-03
54.mk,mail-fake.com,2024-06-03
thomaslucas.click,mail-fake.com,2024-06-03
contabilidadygestion.es,mail-fake.com,2024-06-03
rentproxy.xyz,mail-fake.com,2024-06-03
code-gmail.com,mail-fake.com,2024-06-03
freeprodesign.com,mail-fake.com,2024-06-03
blondmail.com,getnada.com,2024-06-03
chapsmail.com,getnada.com,2024-06-03
clowmail.com,getnada.com,2024-06-03
dropjar.com,getnada.com,2024-06-03
fivermail.com,getnada.com,2024-06-03
getairmail.com,getnada.com,2024-06-03
getmule.com,getnada.com,2024-06-03
getnada.com,getnada.com,2024-06-03
gimpmail.com,getnada.com,2024-06-03
givmail.com,getnada.com,2024-06-03
guysmail.com,getnada.com,2024-06-03
inboxbear.com,getnada.com,2024-06-03
replyloop.com,getnada.com,2024-06-03
robot-mail.com,getnada.com,2024-06-03
spicysoda.com,getnada.com,2024-06-03
tafmail.com,getnada.com,2024-06-03
temptami.com,getnada.com,2024-06-03
tupmail.com,getnada.com,2024-06-03
vomoto.com,getnada.com,2024-06-03
exbts.com,crazymailing.com,2024-06-03
via.tokyo.jp,kuku.lu,2024-06-03
fresec.com,temp-mail.org,2024-06-03
